{
  "rows": [
    {
      "video_id": "2907",
      "video_file": "2907_1765738705(Video in Original Quality).mp4",
      "q": 200.0,
      "rms_diff_px": 203.5084144279987,
      "max_speed_kmh": 21834.01367029659,
      "max_g_force": 2339.20540654002,
      "max_jump_px": 9.265830632705326,
      "p95_jump_px": 4.135669505199704,
      "bytetrack_coverage": 0.9893364928909952,
      "track_id_switches": 1,
      "outlier_count": 7,
      "outlier_ratio": 0.008293838862559242,
      "analysis_json": "/Users/quan/Documents/personal/Stanford application project/tracks/D_tracking_outlier/reports/kalman_sweep_artifacts_20260214/2907_q200/2907_1765738705(Video in Original Quality)_analysis.json"
    },
    {
      "video_id": "2907",
      "video_file": "2907_1765738705(Video in Original Quality).mp4",
      "q": 400.0,
      "rms_diff_px": 124.29188631071304,
      "max_speed_kmh": 21851.805020134165,
      "max_g_force": 2820.3667172319033,
      "max_jump_px": 8.368548071388275,
      "p95_jump_px": 6.410237785726066,
      "bytetrack_coverage": 0.9893364928909952,
      "track_id_switches": 1,
      "outlier_count": 7,
      "outlier_ratio": 0.008293838862559242,
      "analysis_json": "/Users/quan/Documents/personal/Stanford application project/tracks/D_tracking_outlier/reports/kalman_sweep_artifacts_20260214/2907_q400/2907_1765738705(Video in Original Quality)_analysis.json"
    },
    {
      "video_id": "2907",
      "video_file": "2907_1765738705(Video in Original Quality).mp4",
      "q": 800.0,
      "rms_diff_px": 117.0547922234968,
      "max_speed_kmh": 21868.87004364832,
      "max_g_force": 2124.8570448359155,
      "max_jump_px": 11.968389843605381,
      "p95_jump_px": 8.936851978177064,
      "bytetrack_coverage": 0.9893364928909952,
      "track_id_switches": 1,
      "outlier_count": 7,
      "outlier_ratio": 0.008293838862559242,
      "analysis_json": "/Users/quan/Documents/personal/Stanford application project/tracks/D_tracking_outlier/reports/kalman_sweep_artifacts_20260214/2907_q800/2907_1765738705(Video in Original Quality)_analysis.json"
    },
    {
      "video_id": "2907",
      "video_file": "2907_1765738705(Video in Original Quality).mp4",
      "q": 1600.0,
      "rms_diff_px": 107.88123298475773,
      "max_speed_kmh": 21879.375599673473,
      "max_g_force": 2070.662452692182,
      "max_jump_px": 85.38206186238402,
      "p95_jump_px": 19.962886275814505,
      "bytetrack_coverage": 0.9893364928909952,
      "track_id_switches": 1,
      "outlier_count": 7,
      "outlier_ratio": 0.008293838862559242,
      "analysis_json": "/Users/quan/Documents/personal/Stanford application project/tracks/D_tracking_outlier/reports/kalman_sweep_artifacts_20260214/2907_q1600/2907_1765738705(Video in Original Quality)_analysis.json"
    },
    {
      "video_id": "2907",
      "video_file": "2907_1765738705(Video in Original Quality).mp4",
      "q": 3200.0,
      "rms_diff_px": 17.882094967293227,
      "max_speed_kmh": 21882.218019452444,
      "max_g_force": 2089.2565431239723,
      "max_jump_px": 81.29320506609004,
      "p95_jump_px": 17.677965279906992,
      "bytetrack_coverage": 0.9893364928909952,
      "track_id_switches": 1,
      "outlier_count": 7,
      "outlier_ratio": 0.008293838862559242,
      "analysis_json": "/Users/quan/Documents/personal/Stanford application project/tracks/D_tracking_outlier/reports/kalman_sweep_artifacts_20260214/2907_q3200/2907_1765738705(Video in Original Quality)_analysis.json"
    },
    {
      "video_id": "2909",
      "video_file": "2909_1765738725(Video in Original Quality).mp4",
      "q": 200.0,
      "rms_diff_px": 134.5516072859037,
      "max_speed_kmh": 1344.7565035321868,
      "max_g_force": 1956.7610201186963,
      "max_jump_px": 5.176956184545996,
      "p95_jump_px": 4.098263790662683,
      "bytetrack_coverage": 0.9967069154774972,
      "track_id_switches": 5,
      "outlier_count": 2,
      "outlier_ratio": 0.0021953896816684962,
      "analysis_json": "/Users/quan/Documents/personal/Stanford application project/tracks/D_tracking_outlier/reports/kalman_sweep_artifacts_20260214/2909_q200/2909_1765738725(Video in Original Quality)_analysis.json"
    },
    {
      "video_id": "2909",
      "video_file": "2909_1765738725(Video in Original Quality).mp4",
      "q": 400.0,
      "rms_diff_px": 131.52963731360336,
      "max_speed_kmh": 5789.614464300194,
      "max_g_force": 8491.326987573731,
      "max_jump_px": 10.032824074521066,
      "p95_jump_px": 7.36212093106811,
      "bytetrack_coverage": 0.9967069154774972,
      "track_id_switches": 5,
      "outlier_count": 2,
      "outlier_ratio": 0.0021953896816684962,
      "analysis_json": "/Users/quan/Documents/personal/Stanford application project/tracks/D_tracking_outlier/reports/kalman_sweep_artifacts_20260214/2909_q400/2909_1765738725(Video in Original Quality)_analysis.json"
    },
    {
      "video_id": "2909",
      "video_file": "2909_1765738725(Video in Original Quality).mp4",
      "q": 800.0,
      "rms_diff_px": 90.18538248247523,
      "max_speed_kmh": 5839.027414209713,
      "max_g_force": 8510.910343541887,
      "max_jump_px": 13.152242235602758,
      "p95_jump_px": 10.381598206414296,
      "bytetrack_coverage": 0.9967069154774972,
      "track_id_switches": 5,
      "outlier_count": 2,
      "outlier_ratio": 0.0021953896816684962,
      "analysis_json": "/Users/quan/Documents/personal/Stanford application project/tracks/D_tracking_outlier/reports/kalman_sweep_artifacts_20260214/2909_q800/2909_1765738725(Video in Original Quality)_analysis.json"
    },
    {
      "video_id": "2909",
      "video_file": "2909_1765738725(Video in Original Quality).mp4",
      "q": 1600.0,
      "rms_diff_px": 53.17775512390753,
      "max_speed_kmh": 6064.412752809782,
      "max_g_force": 8518.06930536535,
      "max_jump_px": 22.1145947103668,
      "p95_jump_px": 15.29746129974769,
      "bytetrack_coverage": 0.9967069154774972,
      "track_id_switches": 5,
      "outlier_count": 2,
      "outlier_ratio": 0.0021953896816684962,
      "analysis_json": "/Users/quan/Documents/personal/Stanford application project/tracks/D_tracking_outlier/reports/kalman_sweep_artifacts_20260214/2909_q1600/2909_1765738725(Video in Original Quality)_analysis.json"
    },
    {
      "video_id": "2909",
      "video_file": "2909_1765738725(Video in Original Quality).mp4",
      "q": 3200.0,
      "rms_diff_px": 49.22320637153057,
      "max_speed_kmh": 6065.243734525199,
      "max_g_force": 8526.96452536622,
      "max_jump_px": 32.32022697895995,
      "p95_jump_px": 17.80064170761994,
      "bytetrack_coverage": 0.9967069154774972,
      "track_id_switches": 5,
      "outlier_count": 2,
      "outlier_ratio": 0.0021953896816684962,
      "analysis_json": "/Users/quan/Documents/personal/Stanford application project/tracks/D_tracking_outlier/reports/kalman_sweep_artifacts_20260214/2909_q3200/2909_1765738725(Video in Original Quality)_analysis.json"
    },
    {
      "video_id": "2911",
      "video_file": "2911_1765738746(Video in Original Quality).mp4",
      "q": 200.0,
      "rms_diff_px": 2442.2633322749066,
      "max_speed_kmh": 8126.415130853614,
      "max_g_force": 8568.217858325259,
      "max_jump_px": 78.05472324084457,
      "p95_jump_px": 15.610944648169038,
      "bytetrack_coverage": 0.9691119691119691,
      "track_id_switches": 5,
      "outlier_count": 7,
      "outlier_ratio": 0.009009009009009009,
      "analysis_json": "/Users/quan/Documents/personal/Stanford application project/tracks/D_tracking_outlier/reports/kalman_sweep_artifacts_20260214/2911_q200/2911_1765738746(Video in Original Quality)_analysis.json"
    },
    {
      "video_id": "2911",
      "video_file": "2911_1765738746(Video in Original Quality).mp4",
      "q": 400.0,
      "rms_diff_px": 205.8341524094518,
      "max_speed_kmh": 8763.595905399377,
      "max_g_force": 7925.152181377905,
      "max_jump_px": 18.92241082293719,