{
  "run_date": "2026-02-14",
  "settings": {
    "discipline": "slalom",
    "stabilize": true,
    "camera_mode": "affine",
    "camera_pitch_deg": 6.0,
    "gate_conf": 0.35,
    "gate_iou": 0.55,
    "skier_conf": 0.25,
    "projection": "scale"
  },
  "new_model": "models/gate_detector_best.pt",
  "old_model": "models/gate_detector_best_20260213_2337_backup.pt",
  "videos": [
    "2907_1765738705(Video in Original Quality)_analysis.json",
    "2909_1765738725(Video in Original Quality)_analysis.json",
    "2911_1765738746(Video in Original Quality)_analysis.json"
  ],
  "per_video": [
    {
      "video": "2907_1765738705(Video in Original Quality)_analysis.json",
      "new": {
        "video": "2907_1765738705(Video in Original Quality)_analysis.json",
        "total_frames": 844,
        "traj2d_points": 818,
        "traj_coverage": 0.9691943127962085,
        "gates_detected": 7,
        "frames_detected_count": 844,
        "frames_all_count": 844,
        "physics_valid": false,
        "physics_issue_count": 5,
        "speed_mean_kmh": 20.479468751154513,
        "speed_p90_kmh": 18.493365865472725,
        "speed_max_kmh": 3122.997155237935,
        "gforce_mean": 3.9029339201432265,
        "gforce_max": 355.1755406577144,
        "max_jump_m": 28.93548410848032,
        "mean_jump_m": 0.19358081741738725,
        "distance_m": 158.15552783000538,
        "turn_radius_min_m": 0.0021296261558347764,
        "auto_calibration_applied": true,
        "auto_calibration_correction": 6.082914922901657
      },
      "old": {
        "video": "2907_1765738705(Video in Original Quality)_analysis.json",
        "total_frames": 844,
        "traj2d_points": 818,
        "traj_coverage": 0.9691943127962085,
        "gates_detected": 5,
        "frames_detected_count": 844,
        "frames_all_count": 844,
        "physics_valid": false,
        "physics_issue_count": 5,
        "speed_mean_kmh": 10.891795931401504,
        "speed_p90_kmh": 23.284994153011347,
        "speed_max_kmh": 237.48728816895328,
        "gforce_mean": 3.9312071648953686,
        "gforce_max": 227.30228132306027,
        "max_jump_m": 2.2796094677825374,
        "mean_jump_m": 0.1044130293853907,
        "distance_m": 85.30544500786418,
        "turn_radius_min_m": 0.0010388467031597173,
        "auto_calibration_applied": true,
        "auto_calibration_correction": 5.20305746396737
      },
      "delta": {
        "gates_detected": 2,
        "traj_coverage": 0.0,
        "physics_issue_count": 0,
        "speed_p90_kmh": -4.791628287538622,
        "speed_max_kmh": 2885.5098670689817,
        "gforce_max": 127.87325933465414,
        "max_jump_m": 26.655874640697782,
        "auto_calibration_correction": 0.8798574589342874
      }
    },
    {
      "video": "2909_1765738725(Video in Original Quality)_analysis.json",
      "new": {
        "video": "2909_1765738725(Video in Original Quality)_analysis.json",
        "total_frames": 911,
        "traj2d_points": 844,
        "traj_coverage": 0.9264544456641054,
        "gates_detected": 4,
        "frames_detected_count": 911,
        "frames_all_count": 911,
        "physics_valid": false,
        "physics_issue_count": 5,
        "speed_mean_kmh": 21.82194926946762,
        "speed_p90_kmh": 32.72899065963515,
        "speed_max_kmh": 1007.4187675633909,
        "gforce_mean": 9.662281112725527,
        "gforce_max": 1479.152579081975,
        "max_jump_m": 9.338190795806526,
        "mean_jump_m": 0.2078435388711258,
        "distance_m": 175.21210326835916,
        "turn_radius_min_m": 0.0012136933531064404,
        "auto_calibration_applied": true,
        "auto_calibration_correction": 5.753909680381742
      },
      "old": {
        "video": "2909_1765738725(Video in Original Quality)_analysis.json",
        "total_frames": 911,
        "traj2d_points": 844,
        "traj_coverage": 0.9264544456641054,
        "gates_detected": 5,
        "frames_detected_count": 911,
        "frames_all_count": 911,
        "physics_valid": false,
        "physics_issue_count": 4,
        "speed_mean_kmh": 18.84271928464802,
        "speed_p90_kmh": 32.19466441720792,
        "speed_max_kmh": 481.7830947221661,
        "gforce_mean": 6.456789648073463,
        "gforce_max": 718.8181684238227,
        "max_jump_m": 4.465851347589294,
        "mean_jump_m": 0.18335496205260501,
        "distance_m": 154.56823301034612,
        "turn_radius_min_m": 0.0019776760001441315,
        "auto_calibration_applied": true,
        "auto_calibration_correction": 2.6651966216942715
      },
      "delta": {
        "gates_detected": -1,
        "traj_coverage": 0.0,
        "physics_issue_count": 1,
        "speed_p90_kmh": 0.5343262424272339,
        "speed_max_kmh": 525.6356728412248,
        "gforce_max": 760.3344106581524,
        "max_jump_m": 4.8723394482172315,
        "auto_calibration_correction": 3.0887130586874707
      }
    },
    {
      "video": "2911_1765738746(Video in Original Quality)_analysis.json",
      "new": {
        "video": "2911_1765738746(Video in Original Quality)_analysis.json",
        "total_frames": 777,
        "traj2d_points": 714,
        "traj_coverage": 0.918918918918919,
        "gates_detected": 5,
        "frames_detected_count": 777,
        "frames_all_count": 777,
        "physics_valid": false,
        "physics_issue_count": 5,
        "speed_mean_kmh": 11.820251560865412,
        "speed_p90_kmh": 16.8419036784799,
        "speed_max_kmh": 419.374774812996,
        "gforce_mean": 8.690378186502947,
        "gforce_max": 709.2956315262857,
        "max_jump_m": 4.776972650509491,
        "mean_jump_m": 0.12136030629215029,
        "distance_m": 86.52989838630374,
        "turn_radius_min_m": 0.0028730132086571616,
        "auto_calibration_applied": true,
        "auto_calibration_correction": 242.49324804564458
      },
      "old": {
        "video": "2911_1765738746(Video in Original Quality)_analysis.json",
        "total_frames": 777,
        "traj2d_points": 714,
        "traj_coverage": 0.918918918918919,
        "gates_detected": 5,
        "frames_detected_count": 777,
        "frames_all_count": 777,
        "physics_valid": false,
        "physics_issue_count": 6,
        "speed_mean_kmh": 10.066890437242913,
        "speed_p90_kmh": 12.361065681315377,
        "speed_max_kmh": 450.0688716430712,
        "gforce_mean": 6.141755671837938,
        "gforce_max": 590.1957137069048,
        "max_jump_m": 8.204661157941612,
        "mean_jump_m": 0.10059413118073883,
        "distance_m": 71.72361553186644,
        "turn_radius_min_m": 0.002400023037186514,
        "auto_calibration_applied": true,
        "auto_calibration_correction": 243.47465243208978
      },
      "delta": {
        "gates_detected": 0,
        "traj_coverage": 0.0,
        "physics_issue_count": -1,
        "speed_p90_kmh": 4.480837997164521,
        "speed_max_kmh": -30.694096830075182,
        "gforce_max": 119.09991781938083,
        "max_jump_m": -3.42768850743212,
        "auto_calibration_correction": -0.981404386445206
      }
    }
  ],
  "aggregate": {
    "new": {
      "videos": 3,
      "physics_valid_count": 0,
      "avg_gates_detected": 5.333333333333333,
      "avg_traj_coverage": 0.9381892257930776,
      "avg_physics_issue_count": 5,
      "avg_speed_p90_kmh": 22.688086734529257,
      "avg_speed_max_kmh": 1516.596899204774,
      "avg_gforce_max": 847.874583755325,
      "avg_max_jump_m": 14.35021585159878,
      "avg_auto_calibration_correction": 84.776690882976
    },
    "old": {
      "videos": 3,
      "physics_valid_count": 0,
      "avg_gates_detected": 5,
      "avg_traj_coverage": 0.9381892257930776,
      "avg_physics_issue_count": 5,
      "avg_speed_p90_kmh": 22.613574750511546,
      "avg_speed_max_kmh": 389.77975151139685,
      "avg_gforce_max": 512.1053878179292,
      "avg_max_jump_m": 4.9833739911044805,
      "avg_auto_calibration_correction": 83.78096883925048
    },